{"cameraMode":{"drawMode":0,"name":"Shaded","section":"Shading Mode"},"sceneLighting":true,"audioPlay":false,"sceneViewState":{"m_AlwaysRefresh":false,"showFog":true,"showSkybox":true,"showFlares":true,"showImageEffects":true,"showParticleSystems":true,"showVisualEffectGraphs":true,"m_FxEnabled":true},"in2DMode":false,"pivot":{"x":1.3781533241271973,"y":0.9766845107078552,"z":5.872807502746582},"rotation":{"x":-0.004809595178812742,"y":-0.0009028804488480091,"z":0.000004148363132117083,"w":-0.9999931454658508},"size":9.185567855834961,"orthographic":false}